graph,preprocess_sec,shortcuts,query_ms,scans,improvements
BAY,6.308505,751693,74.411080,321270.000000,364238.090000
COL,7.051157,961011,104.161880,435666.000000,485923.050000
FLA,14.975700,2391153,270.236570,1070376.000000,1215165.500000
NW,18.658002,2510741,321.849930,1207945.000000,1327799.400000
NE,39.143717,3897826,448.176790,1524453.000000,1760684.770000
