graph,impl,time_ms,scans,improvements,checksum_md5,match_bh
USA-road-t.BAY,dial,50.979270,321270.000000,346471.360000,3baba5df80400648e85903624ab7c5b8,YES
USA-road-t.COL,dial,88.220730,435666.000000,464677.920000,371f31bbe24c8f5e2068d96f98af01ec,YES
USA-road-t.FLA,dial,217.780150,1070376.000000,1164092.870000,f1485befcd7548f2e9f00c860afad5a2,YES
USA-road-t.NW,dial,228.043680,1207945.000000,1274532.250000,1bb31452d1a422c30ec2ad19584d1251,YES
USA-road-t.NE,dial,220.973160,1524453.000000,1659529.900000,210dfd8aeef64da916761b1a7a858e92,YES
