graph,impl,time_ms,scans,improvements,checksum_md5,match_bh
USA-road-t.BAY,dial,26.292700,319470.260000,345286.800000,2abfe3c9d99cfadcafad78f769909e3b,NO
USA-road-t.COL,dial,43.617260,433605.510000,463118.560000,09075dfe662b63801c5dc519f00f3824,NO
USA-road-t.FLA,dial,84.909100,1061077.860000,1157370.450000,70e97faa7bbc65f2b2ce55bd09500006,NO
USA-road-t.NW,dial,103.501740,1199667.380000,1268517.020000,a2c81ccb65c2254314835d00f05ef0e9,NO
USA-road-t.NE,dial,104.888410,1502318.370000,1645472.490000,44761b68a1d369c696f073f41bf26641,NO
USA-road-t.USA,dial,2115.134830,23196474.950000,25029494.120000,5c61b82ba32d8725159594a4cb0d7dca,NO
