graph,impl,time_ms,scans,improvements,checksum_md5,match_bh
USA-road-t.BAY,r1,38.284650,321270.000000,348729.820000,d652918e12c0849832f10f3ce45c26f9,NO
USA-road-t.COL,r1,50.217800,435666.000000,466128.680000,d362d1d623c632914a4ec4ac6cdabc68,NO
USA-road-t.FLA,r1,131.224220,1070376.000000,1168062.880000,188ba8520431e6eeefaebe1dc61e64f4,NO
USA-road-t.NW,r1,148.152750,1207945.000000,1274457.710000,7920c71835cae417a88f8f5be1501c38,NO
USA-road-t.NE,r1,200.349820,1524453.000000,1671450.690000,7981507c1cfc7b54733327afa3bb04d0,NO
USA-road-t.USA,r1,3394.446630,23947347.000000,25636192.660000,4b3fb1310eb0d958cf1c7b7be456f7a6,NO
