graph,impl,time_ms,scans,improvements,checksum_md5,match_bh
USA-road-t.BAY,r2,86.222360,321270.000000,343402.710000,c8ddd7dbe2321da356fd7c83c82abde8,NO
USA-road-t.COL,r2,184.103500,435666.000000,461544.840000,57bd295e994284e07efe22581013c674,NO
USA-road-t.FLA,r2,439.815660,1070376.000000,1150541.130000,53adce312b608a9aea6a803b70281f1e,NO
USA-road-t.NW,r2,352.649720,1207945.000000,1268935.290000,c63cc0838a75be2c74b6204cc11e6397,NO
USA-road-t.NE,r2,267.605840,1524453.000000,1648340.060000,4a41ef6b73211e1452eb628a539f21f5,NO
USA-road-t.USA,r2,9162.471030,23947347.000000,25499148.670000,92b86ae9eede68da158e4d32bfe4a077,NO
