graph,impl,time_ms,scans,improvements,checksum_md5
USA-road-t.USA,bh,4564.607850,23947347.000000,25577063.260000,a205cb1f1051775d7724b531abaf9b5f
USA-road-t.USA,4h,4879.697550,23947347.000000,25577066.560000,a205cb1f1051775d7724b531abaf9b5f
USA-road-t.USA,dial,2372.593110,23196474.950000,25029494.120000,5c61b82ba32d8725159594a4cb0d7dca
USA-road-t.USA,sq,3370.715550,23947346.000000,24471778.000000,a205cb1f1051775d7724b531abaf9b5f
USA-road-t.USA,ombi,3881.810200,23947347.000000,25577084.200000,a205cb1f1051775d7724b531abaf9b5f
USA-road-t.USA,fh,13317.578560,23947347.000000,25577065.240000,a205cb1f1051775d7724b531abaf9b5f
USA-road-t.USA,ph,11522.483780,23947347.000000,25577066.770000,a205cb1f1051775d7724b531abaf9b5f
