graph,width,nodes,arcs,maxweight,impl,time_ms,scans,improvements,checksum_md5,match_bh
grid_100x100_w100,100,10000,39600,100,bh,0.945690,10000.000000,13081.940000,4c463574b735339dd98697328aab0ccb,YES
grid_100x100_w100,100,10000,39600,100,sq,0.355590,10000.000000,11416.129883,4c463574b735339dd98697328aab0ccb,YES
grid_100x100_w100,100,10000,39600,100,ombi,0.426420,10000.000000,13089.340000,05545b478145d3c1fef7141fb94bff61,NO
grid_100x100_w100,100,10000,39600,100,r1,1.379950,10000.000000,13590.890000,b29c4d5995ab7bc0d4bccd53d37fc969,NO
grid_100x100_w100,100,10000,39600,100,r2,0.712650,10000.000000,13318.920000,2c675b92ee0a99f937804ae3cdab3e4f,NO
